Feature1,Feature2,Correlation
体重,孕妇BMI,0.8353037689408533
检测抽血次数,检测孕周,0.7816035692375515
GC含量,13号染色体的GC含量,0.6667549318364877
13号染色体的GC含量,18号染色体的GC含量,0.6628741208104293
原始读段数,唯一比对的读段数  ,0.6404180494847509
GC含量,21号染色体的GC含量,0.6253645244843208
身高,体重,0.618590586967974
13号染色体的GC含量,21号染色体的GC含量,0.6153445408061704
GC含量,18号染色体的GC含量,0.6127925541185826
18号染色体的GC含量,21号染色体的GC含量,0.5954684912185465
X染色体的Z值,Y染色体的Z值,0.5531605139584769
Y染色体浓度,X染色体浓度,0.5185955937758552
