BMI分组,最佳检测时点(周),样本量,平均浓度
超重偏轻(26-28.9),11.0,83,0.08135202703614458
肥胖I度(32-34.9),11.285714285714286,354,0.07605103841242937
超重(29-31.9),11.142857142857142,463,0.08142496175161988
肥胖II度(≥35),11.285714285714286,166,0.06653161764457832
