BMI分组,最佳检测时点(周),样本量,平均浓度
超重(25-29.9),11.142857142857142,219,0.08304190208219178
肥胖(≥30),11.0,847,0.07583484664226683
